<?xml version="1.0"?>
<!--<!DOCTYPE metadata SYSTEM "http://www.esri.com/metadata/esriprof80.dtd">-->
<metadata xml:lang="en"><Esri><MetaID>{7467F2DF-8593-4AAF-A9EA-8083F2471921}</MetaID><CreaDate>20040924</CreaDate><CreaTime>13445400</CreaTime><SyncOnce>TRUE</SyncOnce><DataProperties><lineage><Process Name="Create Feature Class" ToolSource="C:\Program Files\ArcGIS\ArcToolbox\Toolboxes\Data Management Tools.tbx\CreateFeatureclass" Date="20040924" Time="134454">CreateFeatureclass C:\temp biketrails_arc.shp # GISDATA_Layer SAME_AS_TEMPLATE SAME_AS_TEMPLATE "PROJCS['NAD_1983_StatePlane_Massachusetts_Mainland_FIPS_2001',GEOGCS['GCS_North_American_1983',DATUM['D_North_American_1983',SPHEROID['GRS_1980',6378137.0,298.257222101]],PRIMEM['Greenwich',0.0],UNIT['Degree',0.0174532925199433]],PROJECTION['Lambert_Conformal_Conic'],PARAMETER['False_Easting',200000.0],PARAMETER['False_Northing',750000.0],PARAMETER['Central_Meridian',-71.5],PARAMETER['Standard_Parallel_1',41.71666666666667],PARAMETER['Standard_Parallel_2',42.68333333333333],PARAMETER['Latitude_Of_Origin',41.0],UNIT['Meter',1.0]];-364031.820003 326348.092106 100.000000;0.000000 1.000000;0.000000 1.000000" # 0 0 0 C:\temp\biketrails_arc.shp</Process><Process Name="Append" ToolSource="C:\Program Files\ArcGIS\ArcToolbox\Toolboxes\Data Management Tools.tbx\Append" Date="20040924" Time="134455">Append GISDATA_Layer C:\temp\biketrails_arc.shp TEST C:\temp\biketrails_arc.shp</Process><Process Name="FeatureClassToFeatureClass_6" ToolSource="C:\Program Files\ArcGIS\ArcToolbox\Toolboxes\Conversion Tools.tbx\FeatureClassToFeatureClass" Date="20040924" Time="134455">FeatureClassToFeatureClass "Database Connections\sun420 GISDATA User.sde\GISDATA.BIKETRAILS_ARC" C:\temp biketrails_arc.shp # "TRAIL_STAT TRAIL_STAT VISIBLE;OWNER OWNER VISIBLE;PREV_OWNER PREV_OWNER VISIBLE;MANAGER MANAGER VISIBLE;STATUS_OWN STATUS_OWN VISIBLE;STATUS_MAN STATUS_MAN VISIBLE;TRAILNAME TRAILNAME VISIBLE;LINENAME LINENAME VISIBLE;CONTACT1 CONTACT1 VISIBLE;CONTACT2 CONTACT2 VISIBLE;OPENED OPENED VISIBLE;COMPLETED COMPLETED VISIBLE;SHAPE.LEN SHAPE.LEN VISIBLE" SAME_AS_TEMPLATE SAME_AS_TEMPLATE # 0 C:\temp\biketrails_arc.shp</Process></lineage></DataProperties></Esri></metadata>
